userID,degree,clustering,pagerank,community,component
2,13,0.192308,0.00058953,7,0
3,7,0.380952,0.00045613,4,0
4,10,0.377778,0.00041377,7,0
5,7,0.047619,0.00040653,15,0
6,5,0.1,0.00028485,15,0
7,18,0.326797,0.00049664,11,0
8,11,0.2,0.00033402,1,0
9,3,0.666667,0.00018441,15,0
10,5,0.2,0.00026765,15,0
11,29,0.091133,0.00077562,11,0
12,40,0.125641,0.00108926,11,0
13,11,0.4,0.00034106,11,0
14,8,0.214286,0.00040074,15,0
15,21,0.071429,0.00101959,15,0
16,24,0.115942,0.00067918,1,0
17,7,0.095238,0.000249,1,0
18,10,0.111111,0.00043011,15,0
20,2,0.0,0.00018618,4,0
21,9,0.138889,0.00028655,1,0
22,15,0.171429,0.00068681,15,0
23,2,0.0,0.00016429,7,0
24,26,0.2,0.00072084,1,0
25,18,0.137255,0.00055553,11,0
26,5,0.1,0.00030344,15,0
27,4,0.333333,0.00021417,15,0
28,1,0.0,0.00012057,15,0
29,1,0.0,0.00011258,2,0
30,17,0.139706,0.0005255,11,0
31,28,0.47619,0.00098024,7,0
32,5,0.4,0.00036021,7,0
33,7,0.190476,0.00064004,10,0
34,1,0.0,0.0001214,15,0
35,1,0.0,0.00015227,19,0
36,3,0.0,0.00022177,2,0
37,7,0.238095,0.00033913,15,0
38,1,0.0,0.0001056,1,0
39,4,0.333333,0.00025687,7,0
40,11,0.381818,0.0005397,7,0
41,2,0.0,0.00020361,15,0
42,2,0.0,0.00027196,1,0
43,26,0.107692,0.00097042,11,0
44,7,0.142857,0.000513,19,0
45,14,0.208791,0.00039046,11,0
46,84,0.133678,0.00204782,11,0
47,23,0.13834,0.00061126,11,0
48,23,0.335968,0.00062244,11,0
49,41,0.113415,0.00113701,1,0
50,8,0.25,0.00037588,15,0
51,35,0.062185,0.00148094,15,0
52,2,0.0,0.0001878,2,0
53,11,0.236364,0.00033892,11,0
54,6,0.6,0.00022723,1,0
55,1,0.0,0.00014341,4,0
56,8,0.107143,0.00043095,15,0
57,27,0.068376,0.0009331,2,0
58,77,0.157211,0.00189481,11,0
59,47,0.06383,0.00189941,15,0
60,3,0.0,0.00022029,15,0
61,2,0.0,0.00014455,1,0
62,18,0.189542,0.00069823,7,0
63,16,0.133333,0.00080622,15,0
64,8,0.142857,0.00036929,7,0
65,5,0.2,0.00037537,3,0
66,9,0.277778,0.00049267,7,0
68,6,0.333333,0.0002166,1,0
69,4,0.0,0.00034238,4,0
70,6,1.0,0.00052854,5,1
71,4,0.166667,0.00046674,15,0
72,4,0.166667,0.00016746,11,0
73,8,0.321429,0.00038926,7,0
74,4,0.0,0.00030081,15,0
75,11,0.127273,0.00033749,1,0
76,4,0.333333,0.00020064,10,0
77,4,0.166667,0.00027053,15,0
78,81,0.021914,0.00523768,4,0
79,46,0.164251,0.00116283,11,0
80,13,0.205128,0.00081988,2,0
81,2,0.0,0.00019457,4,0
82,1,0.0,0.00011954,15,0
83,3,0.666667,0.00031836,6,0
84,4,0.0,0.00038148,15,0
85,13,0.205128,0.00061881,15,0
86,2,0.0,0.00016689,15,0
87,9,0.277778,0.00030399,1,0
88,1,0.0,0.00020667,15,0
89,2,0.0,0.00013015,1,0
90,7,0.047619,0.00032868,15,0
91,4,0.166667,0.00029466,4,0
92,1,0.0,0.00052854,8,7
94,4,0.5,0.00029403,7,0
95,6,0.066667,0.00021337,1,0
96,5,0.5,0.00027944,7,0
97,1,0.0,0.00011121,11,0
98,12,0.181818,0.00035736,11,0
99,39,0.296896,0.00138021,7,0
100,1,0.0,0.00012116,7,0
101,15,0.104762,0.00059616,2,0
102,2,1.0,0.00052854,9,3
103,2,0.0,0.00014585,7,0
104,6,0.066667,0.00025322,1,0
105,4,0.333333,0.00029276,4,0
106,1,0.0,0.00013437,4,0
107,24,0.021739,0.00121585,15,0
108,7,0.285714,0.00038817,15,0
109,11,0.218182,0.00051166,15,0
110,29,0.238916,0.0007458,11,0
111,11,0.327273,0.00078814,28,0
112,5,0.2,0.00034687,7,0
113,5,0.0,0.00030073,15,0
114,11,0.345455,0.00052421,15,0
115,5,0.6,0.00028499,15,0
116,4,0.333333,0.00024115,4,0
117,11,0.236364,0.00055287,7,0
118,3,0.0,0.00028919,3,0
119,5,0.0,0.00037835,15,0
120,45,0.207071,0.00108653,11,0
121,22,0.121212,0.00072065,15,0
122,19,0.111111,0.00090708,15,0
123,1,0.0,0.0001138,15,0
124,22,0.251082,0.00086449,7,0
125,17,0.154412,0.00073398,15,0
126,5,0.3,0.00020484,1,0
127,25,0.096667,0.00107633,15,0
128,31,0.077419,0.00162363,7,0
129,75,0.169009,0.00182469,11,0
130,23,0.237154,0.00059868,11,0
131,2,1.0,0.0001863,15,0
132,32,0.173387,0.00079162,1,0
133,51,0.152941,0.0012907,1,0
134,19,0.181287,0.00049915,1,0
135,8,0.25,0.00039876,7,0
136,52,0.164404,0.00129872,1,0
137,3,0.0,0.00016955,1,0
139,7,0.095238,0.00030211,7,0
140,3,0.333333,0.00024434,7,0
141,3,1.0,0.00020829,7,0
142,49,0.072279,0.00221334,7,0
143,66,0.054079,0.00238335,15,0
144,30,0.266667,0.00075606,11,0
145,41,0.115854,0.0010628,1,0
146,50,0.150204,0.00120645,11,0
147,12,0.242424,0.00044675,1,0
148,1,0.0,0.00029005,12,0
149,14,0.10989,0.00061235,15,0
150,48,0.089539,0.00131775,1,0
151,1,0.0,0.00010252,11,0
152,14,0.065934,0.00050007,1,0
153,3,0.0,0.00027008,2,0
154,3,0.0,0.0002034,15,0
155,2,0.0,0.00017624,7,0
156,1,0.0,0.00017511,15,0
157,29,0.123153,0.00132181,15,0
158,35,0.12437,0.00094257,1,0
159,9,0.166667,0.00028702,11,0
161,10,0.066667,0.00045259,7,0
162,63,0.110087,0.00182747,1,0
163,3,0.333333,0.00017693,15,0
164,3,0.0,0.00023645,15,0
166,1,0.0,0.00052854,13,8
168,3,0.0,0.00025749,4,0
170,11,0.127273,0.0006312,2,0
171,1,0.0,0.00011929,15,0
172,13,0.038462,0.00062813,15,0
173,5,0.2,0.00026686,15,0
174,2,0.0,0.00043354,7,0
175,7,0.190476,0.00030846,15,0
176,1,0.0,0.00012263,7,0
177,14,0.153846,0.00071671,15,0
178,1,0.0,0.00011866,15,0
179,97,0.132088,0.00237687,11,0
180,2,0.0,0.00017492,15,0
181,7,0.52381,0.00052743,4,0
182,2,1.0,0.0003366,14,0
183,23,0.193676,0.0008837,7,0
184,1,0.0,0.00011591,15,0
185,2,1.0,0.00021281,10,0
186,4,0.333333,0.00022907,1,0
187,8,0.321429,0.00044323,7,0
188,2,1.0,0.00017329,15,0
189,1,0.0,0.00011671,7,0
190,2,0.0,0.00015791,4,0
191,9,0.472222,0.00035226,7,0
192,4,1.0,0.0002631,2,0
193,15,0.038095,0.00072866,4,0
194,1,0.0,0.00015073,7,0
195,30,0.050575,0.00136034,15,0
196,8,0.5,0.00038394,7,0
198,56,0.046104,0.00218111,15,0
200,4,0.166667,0.00027159,15,0
201,6,0.0,0.00030718,7,0
202,13,0.076923,0.00059015,15,0
203,9,0.083333,0.00044628,2,0
204,2,0.0,0.00036413,12,0
205,5,0.8,0.00041527,4,0
206,8,0.5,0.00056998,28,0
207,44,0.127907,0.00112472,1,0
208,5,0.6,0.00031796,2,0
209,5,0.4,0.00019818,1,0
210,31,0.352688,0.00107718,7,0
211,41,0.252439,0.00148751,7,0
212,38,0.049787,0.00205965,15,0
213,7,0.0,0.00035314,15,0
214,34,0.221034,0.00088633,11,0
215,13,0.115385,0.00060437,15,0
216,6,0.266667,0.00031272,7,0
217,6,0.266667,0.00033335,15,0
218,6,0.666667,0.00026438,7,0
219,3,0.0,0.00029181,15,0
220,1,0.0,0.00011546,1,0
223,11,0.163636,0.00035007,1,0
224,9,0.25,0.00045073,7,0
225,9,0.111111,0.0005091,2,0
226,27,0.222222,0.00067509,1,0
227,52,0.152338,0.00128218,11,0
228,2,1.0,0.00018981,15,0
229,24,0.141304,0.00072569,11,0
230,13,0.115385,0.00042045,11,0
231,38,0.193457,0.00090895,11,0
232,87,0.143812,0.00214311,11,0
233,18,0.169935,0.00050005,1,0
234,3,0.0,0.00023297,15,0
235,2,0.0,0.00019892,15,0
236,81,0.148765,0.00196002,11,0
237,3,0.0,0.00022326,15,0
238,9,0.194444,0.00050005,15,0
240,23,0.158103,0.00060237,11,0
241,5,0.0,0.00039665,15,0
242,17,0.110294,0.00055819,1,0
243,5,0.2,0.00021331,1,0
244,2,0.0,0.00015542,7,0
247,43,0.081949,0.00136843,1,0
248,20,0.257895,0.00051433,11,0
249,2,0.0,0.00019795,15,0
250,11,0.018182,0.00060756,15,0
251,1,0.0,0.00021218,15,0
252,9,0.138889,0.00028961,1,0
253,42,0.168409,0.00106262,1,0
254,16,0.15,0.00068104,15,0
255,7,0.190476,0.00047263,4,0
256,73,0.158676,0.00169784,1,0
257,4,0.5,0.00025652,7,0
258,46,0.174879,0.00114238,11,0
259,5,0.8,0.00039873,4,0
260,30,0.291954,0.00079327,11,0
261,13,0.269231,0.00058882,2,0
262,2,0.0,0.00017612,4,0
263,2,1.0,0.00016437,10,0
264,17,0.161765,0.00076749,7,0
265,8,0.178571,0.00039604,2,0
266,21,0.033333,0.00095936,15,0
267,3,0.333333,0.00014559,11,0
268,7,0.095238,0.00038705,15,0
269,1,0.0,0.00011773,7,0
270,2,1.0,0.00019594,28,0
271,59,0.156049,0.00142591,1,0
273,2,0.0,0.00017087,4,0
274,4,0.333333,0.00020453,10,0
275,32,0.070565,0.0013885,7,0
277,4,0.833333,0.00034468,4,0
278,28,0.23545,0.00071949,11,0
279,3,0.0,0.00025514,2,0
280,32,0.092742,0.0009808,1,0
281,3,0.0,0.0002259,15,0
282,1,0.0,0.00015718,10,0
283,10,0.022222,0.00046698,15,0
284,1,0.0,0.00011754,15,0
285,8,0.035714,0.00040388,15,0
286,7,0.333333,0.00023492,1,0
288,5,0.7,0.00030561,15,0
289,11,0.163636,0.00038547,11,0
290,4,0.166667,0.00021708,7,0
291,7,0.238095,0.00025143,11,0
292,13,0.064103,0.0007536,15,0
293,1,0.0,0.00012468,15,0
294,1,0.0,0.00011969,15,0
295,1,0.0,0.00015579,15,0
296,4,0.0,0.00032176,15,0
297,4,0.166667,0.00022069,7,0
298,79,0.054203,0.00306003,15,0
299,6,0.0,0.00031352,15,0
300,6,0.4,0.0003948,15,0
301,7,0.238095,0.00029853,15,0
302,46,0.153623,0.00111341,1,0
303,13,0.064103,0.00071759,15,0
304,4,1.0,0.00019429,7,0
305,3,0.333333,0.00015327,1,0
306,25,0.443333,0.00086884,7,0
307,19,0.070175,0.00076488,15,0
308,19,0.187135,0.00078889,15,0
310,69,0.180307,0.00170142,11,0
311,51,0.122353,0.00152241,1,0
312,11,0.163636,0.00042419,10,0
313,6,0.0,0.00040385,15,0
314,3,0.0,0.00015,1,0
315,23,0.189723,0.00061064,1,0
316,1,0.0,0.00052854,16,9
317,27,0.105413,0.00117743,15,0
318,29,0.155172,0.00074355,11,0
319,3,0.0,0.00026956,15,0
320,2,0.0,0.0003083,7,0
321,7,0.047619,0.00037632,15,0
322,28,0.150794,0.00081942,11,0
324,1,0.0,0.00012812,15,0
325,11,0.363636,0.00054658,7,0
326,2,1.0,0.00014732,1,0
327,30,0.222989,0.00074561,11,0
328,11,0.218182,0.0003841,1,0
329,42,0.154472,0.00114206,1,0
330,10,0.111111,0.00032767,1,0
331,11,0.272727,0.00033064,1,0
332,29,0.165025,0.00073983,1,0
333,16,0.291667,0.00045338,1,0
334,4,0.0,0.00028445,15,0
335,24,0.163043,0.0006275,1,0
336,2,0.0,0.00028501,15,0
337,9,0.111111,0.0004821,15,0
338,17,0.095588,0.00064796,7,0
339,73,0.149543,0.0017335,1,0
340,45,0.184848,0.00113826,11,0
341,1,0.0,0.00013729,15,0
342,2,0.0,0.00023993,15,0
343,29,0.081281,0.00143516,15,0
344,3,0.0,0.00020906,15,0
345,3,0.333333,0.00025831,28,0
346,18,0.071895,0.00066571,1,0
347,3,0.0,0.00019681,3,0
348,13,0.115385,0.00047983,2,0
349,24,0.105072,0.00097777,2,0
350,19,0.163743,0.00052611,1,0
351,9,0.166667,0.00029776,1,0
352,7,0.285714,0.00025368,11,0
353,16,0.175,0.0004435,11,0
354,9,0.194444,0.00027296,11,0
355,70,0.1147,0.00182337,11,0
356,1,0.0,0.00017544,2,0
357,6,0.133333,0.00031333,7,0
358,2,0.0,0.00020557,4,0
359,6,0.466667,0.00035533,7,0
360,2,0.0,0.00017011,4,0
361,25,0.166667,0.00074018,1,0
362,10,0.133333,0.00044774,15,0
363,21,0.1,0.00081459,15,0
364,4,0.0,0.00026261,15,0
365,15,0.209524,0.00067035,15,0
366,4,0.5,0.0003049,4,0
367,6,0.066667,0.00026549,2,0
368,5,0.0,0.00035779,15,0
369,1,0.0,0.00013229,4,0
370,38,0.072546,0.00118963,1,0
371,28,0.285714,0.00099913,7,0
372,3,0.333333,0.00019269,15,0
374,12,0.287879,0.00058092,7,0
375,9,0.305556,0.00028347,11,0
376,3,0.333333,0.00020813,15,0
377,9,0.055556,0.00080736,15,0
378,34,0.128342,0.00109027,11,0
380,19,0.222222,0.00052937,11,0
382,1,0.0,0.00014341,4,0
383,25,0.096667,0.00077514,1,0
385,52,0.144042,0.00142352,11,0
386,3,0.666667,0.000276,7,0
387,21,0.152381,0.00067447,11,0
388,15,0.057143,0.00071925,15,0
390,88,0.106061,0.00223644,11,0
391,5,0.3,0.00033468,2,0
392,2,0.0,0.00014285,15,0
393,6,0.266667,0.00028986,15,0
394,4,0.166667,0.00022399,15,0
395,3,0.0,0.00020241,15,0
396,19,0.391813,0.00076074,7,0
397,8,0.285714,0.00035539,7,0
398,11,0.072727,0.00048858,15,0
399,45,0.169697,0.00108239,11,0
400,50,0.145306,0.00126754,11,0
401,5,0.2,0.00025806,15,0
402,4,0.333333,0.00023973,15,0
403,4,0.166667,0.00019259,2,0
404,6,0.0,0.00026658,15,0
405,90,0.110861,0.00236184,11,0
406,1,0.0,0.00014536,15,0
407,6,0.333333,0.0003359,7,0
408,1,0.0,0.00012116,7,0
409,14,0.186813,0.00038701,1,0
410,14,0.131868,0.0005895,2,0
411,7,0.380952,0.00047911,4,0
412,2,1.0,0.00015232,1,0
413,57,0.160401,0.00138523,11,0
414,53,0.128447,0.00129412,1,0
415,40,0.228205,0.00099566,11,0
416,5,0.0,0.00038626,15,0
417,23,0.173913,0.00067349,11,0
418,2,1.0,0.00031838,17,0
419,62,0.097832,0.00159271,1,0
420,11,0.072727,0.00054428,10,0
421,52,0.100302,0.00141206,11,0
423,3,0.333333,0.00021885,7,0
424,8,0.25,0.0003659,15,0
425,26,0.193846,0.00069508,1,0
426,17,0.316176,0.00081573,15,0
427,1,0.0,0.00052854,18,10
428,21,0.195238,0.00100495,7,0
430,15,0.247619,0.00070247,7,0
431,17,0.110294,0.00075908,15,0
432,3,0.0,0.00019105,15,0
433,14,0.065934,0.00070852,2,0
434,3,1.0,0.00032278,7,0
435,8,0.464286,0.00055977,28,0
436,11,0.163636,0.00053514,15,0
437,44,0.146934,0.00109635,11,0
438,4,0.333333,0.00025452,4,0
439,11,0.127273,0.00058371,4,0
440,4,0.333333,0.00031627,4,0
441,3,0.666667,0.000276,7,0
442,13,0.128205,0.00060461,7,0
443,2,0.0,0.00018741,6,0
444,2,1.0,0.00019477,4,0
446,19,0.269006,0.0007443,7,0
447,7,0.238095,0.00038921,15,0
449,6,0.4,0.00033018,15,0
450,7,0.047619,0.00037002,15,0
451,49,0.117347,0.0013519,11,0
452,4,0.5,0.00025042,7,0
453,11,0.127273,0.0005588,15,0
454,23,0.134387,0.0010244,15,0
455,9,0.194444,0.00048176,7,0
456,2,0.0,0.00012502,1,0
457,4,0.0,0.00027481,15,0
458,5,0.1,0.00028947,10,0
459,13,0.217949,0.00060295,15,0
460,12,0.151515,0.00065325,4,0
461,1,0.0,0.00012742,15,0
462,3,0.0,0.00020073,15,0
463,16,0.133333,0.0005364,11,0
464,3,0.0,0.00019818,7,0
465,4,0.166667,0.00025466,15,0
466,3,0.0,0.00016955,15,0
467,12,0.060606,0.00056043,15,0
468,2,0.0,0.00017054,4,0
469,1,0.0,0.00015579,15,0
470,51,0.131765,0.00126851,11,0
471,6,0.066667,0.00032516,15,0
472,16,0.333333,0.00042736,1,0
473,15,0.209524,0.00041568,1,0
474,11,0.363636,0.00037605,7,0
475,12,0.090909,0.00049628,15,0
476,8,0.178571,0.00043107,7,0
477,5,0.6,0.00019039,11,0
478,4,0.333333,0.00024226,15,0
479,26,0.289231,0.00067517,11,0
480,11,0.254545,0.00052869,7,0
481,65,0.145673,0.00166154,11,0
482,1,0.0,0.00012389,15,0
484,1,0.0,0.00022651,15,0
485,6,0.466667,0.00051376,19,0
486,38,0.211949,0.00095054,11,0
487,6,0.066667,0.00029325,11,0
488,1,0.0,0.00010512,1,0
489,10,0.155556,0.00048837,15,0
490,48,0.151596,0.00146064,1,0
491,5,0.2,0.00036853,15,0
492,4,0.0,0.0002583,15,0
493,8,0.214286,0.00034747,7,0
494,17,0.095588,0.00055565,11,0
495,3,0.0,0.00015502,1,0
496,5,0.4,0.00042457,10,0
497,25,0.25,0.00062599,1,0
498,27,0.131054,0.00075015,1,0
499,51,0.18902,0.00169757,7,0
500,6,0.333333,0.00046563,4,0
501,26,0.227692,0.00068242,1,0
502,16,0.108333,0.00046198,11,0
503,50,0.131429,0.00124179,1,0
504,10,0.155556,0.00035149,11,0
506,5,0.5,0.00031994,7,0
507,9,0.222222,0.00052919,15,0
508,18,0.130719,0.00079725,15,0
509,1,0.0,0.00010794,11,0
510,1,0.0,0.00012696,15,0
511,2,0.0,0.0001569,15,0
512,3,0.0,0.00023476,4,0
513,2,0.0,0.00016008,15,0
514,79,0.140214,0.00201077,11,0
515,7,0.428571,0.00036242,7,0
516,19,0.081871,0.00083605,7,0
517,3,0.333333,0.0002145,15,0
518,28,0.177249,0.00071196,11,0
519,5,0.0,0.00031927,15,0
520,25,0.383333,0.00089222,7,0
521,19,0.099415,0.00078451,15,0
523,1,0.0,0.00052854,20,11
525,5,0.0,0.00029474,2,0
526,3,0.333333,0.0002021,15,0
527,57,0.189223,0.00136613,11,0
529,3,0.0,0.0002975,15,0
530,3,0.0,0.00025747,1,0
531,43,0.140642,0.00105006,11,0
532,8,0.285714,0.00030614,2,0
533,2,0.0,0.00020908,7,0
534,56,0.169481,0.00158333,7,0
535,4,0.0,0.00021194,15,0
536,20,0.147368,0.0005956,11,0
537,7,0.238095,0.00024458,11,0
538,44,0.142706,0.00109759,11,0
539,4,0.333333,0.00020713,7,0
540,9,0.472222,0.00043961,7,0
541,11,0.163636,0.00052288,15,0
542,24,0.242754,0.00060985,11,0
543,13,0.217949,0.00042773,1,0
544,4,0.166667,0.00029496,15,0
545,76,0.070877,0.00241127,1,0
546,5,0.5,0.00030095,15,0
547,5,0.0,0.00030164,15,0
548,8,0.178571,0.00042276,15,0
549,6,0.133333,0.00034197,15,0
550,11,0.109091,0.00054844,15,0
551,1,0.0,0.00014367,15,0
552,4,0.166667,0.00030391,4,0
553,29,0.32266,0.0007267,11,0
555,15,0.133333,0.00042208,1,0
556,1,0.0,0.00015195,4,0
557,1,0.0,0.0004196,21,4
558,12,0.227273,0.0003978,11,0
559,2,0.0,0.00026128,15,0
560,5,0.0,0.00026454,7,0
561,25,0.193333,0.00074039,11,0
562,1,0.0,0.00016972,2,0
563,3,0.333333,0.0002404,15,0
565,2,0.0,0.00015973,7,0
566,6,0.133333,0.00031654,7,0
567,5,0.0,0.00030249,15,0
568,3,0.333333,0.00021741,7,0
569,63,0.156682,0.00156152,1,0
570,2,1.0,0.00015166,4,0
571,40,0.161538,0.00103446,1,0
572,45,0.180808,0.00110294,1,0
573,1,0.0,0.00021627,4,0
574,2,0.0,0.00015267,15,0
575,26,0.470769,0.00090257,7,0
576,2,1.0,0.00016926,7,0
577,7,0.285714,0.00031447,7,0
578,4,0.666667,0.00018915,11,0
579,1,0.0,0.00052854,22,12
580,4,0.833333,0.00026067,15,0
581,35,0.122689,0.00102607,11,0
582,14,0.087912,0.00066442,2,0
583,1,0.0,0.00020065,15,0
584,8,0.142857,0.00032811,15,0
585,1,0.0,0.00013814,15,0
586,2,1.0,0.00036116,23,0
587,2,0.0,0.00018443,15,0
589,17,0.169118,0.00045214,11,0
590,8,0.107143,0.00027042,1,0
592,10,0.222222,0.00037815,11,0
593,57,0.122807,0.00149764,11,0
594,4,0.166667,0.00029758,15,0
595,6,0.2,0.00038115,15,0
596,15,0.219048,0.00067108,7,0
598,4,0.0,0.00016765,1,0
601,2,1.0,0.00022259,6,0
602,1,0.0,0.00012541,15,0
603,4,1.0,0.00032454,28,0
604,8,0.035714,0.00040759,4,0
605,4,0.5,0.00034846,7,0
606,4,1.0,0.00026215,15,0
607,3,0.333333,0.00045001,23,0
608,5,0.1,0.00028465,15,0
609,32,0.141129,0.00083145,1,0
611,5,0.1,0.00030667,7,0
612,37,0.211712,0.00090887,11,0
613,1,0.0,0.00012992,15,0
614,1,0.0,0.00011829,15,0
615,1,0.0,0.00011101,11,0
616,8,0.214286,0.00043573,15,0
617,11,0.236364,0.00037234,11,0
618,2,1.0,0.00052854,24,5
619,2,0.0,0.00019628,4,0
620,7,0.095238,0.00025412,1,0
621,69,0.138534,0.00175349,11,0
622,2,0.0,0.00016822,15,0
623,5,0.3,0.00038295,15,0
624,2,1.0,0.00043299,25,2
625,2,0.0,0.00023884,4,0
627,8,0.321429,0.00044476,15,0
628,2,0.0,0.00019966,4,0
629,8,0.357143,0.00038251,15,0
631,5,0.1,0.0002662,15,0
632,45,0.185859,0.00112428,1,0
633,1,0.0,0.00011817,15,0
634,6,0.533333,0.00022104,11,0
635,10,0.111111,0.0005272,15,0
636,60,0.151412,0.0015422,11,0
637,12,0.060606,0.00062921,15,0
638,35,0.181513,0.00085939,11,0
639,1,0.0,0.00052854,8,7
640,8,0.142857,0.00034188,15,0
641,2,1.0,0.00014565,1,0
642,27,0.116809,0.0011168,15,0
643,6,0.133333,0.0003391,7,0
644,1,0.0,0.00011591,15,0
645,6,0.133333,0.00031641,15,0
646,49,0.154762,0.0012044,11,0
647,6,0.2,0.00050335,7,0
649,6,0.133333,0.00038988,15,0
650,8,0.535714,0.00031505,7,0
651,5,0.3,0.00020767,11,0
652,1,0.0,0.00052854,26,13
654,3,0.0,0.0003188,2,0
655,40,0.05,0.00162339,15,0
656,5,0.5,0.00029965,7,0
657,3,0.0,0.0002427,4,0
658,11,0.145455,0.00058081,7,0
659,24,0.224638,0.00063238,1,0
660,19,0.169591,0.00053424,1,0
661,3,0.0,0.00023041,6,0
662,4,0.0,0.00020194,15,0
663,2,0.0,0.00015986,10,0
664,1,0.0,0.0001162,7,0
665,16,0.358333,0.00061213,7,0
666,3,0.666667,0.00022312,7,0
667,21,0.114286,0.00063001,1,0
668,5,0.6,0.00035721,15,0
669,8,0.142857,0.00027028,11,0
670,6,1.0,0.00052854,5,1
671,22,0.151515,0.00060571,1,0
672,1,0.0,0.00014906,15,0
673,13,0.166667,0.0005666,15,0
674,30,0.193103,0.0007383,1,0
675,30,0.2,0.00077128,1,0
676,2,0.0,0.0001752,15,0
677,5,0.0,0.00030507,15,0
678,11,0.018182,0.00051689,15,0
679,4,0.333333,0.00016543,1,0
680,9,0.25,0.0002812,11,0
681,2,1.0,0.00022307,15,0
682,9,0.055556,0.0003114,1,0
683,14,0.274725,0.00063771,7,0
684,38,0.246088,0.00091004,11,0
685,5,0.3,0.00021809,11,0
686,17,0.132353,0.00072355,7,0
687,5,0.2,0.00029646,15,0
688,18,0.137255,0.00070027,15,0
689,5,0.1,0.00018598,1,0
690,39,0.203779,0.00092585,11,0
691,80,0.116139,0.00203238,1,0
692,15,0.142857,0.0006303,11,0
693,4,0.0,0.00031081,15,0
694,4,0.5,0.00025049,7,0
695,5,0.9,0.00036173,4,0
696,16,0.283333,0.00070726,15,0
697,5,0.1,0.0002876,15,0
698,2,0.0,0.00014641,15,0
699,9,0.25,0.00043454,7,0
700,4,0.166667,0.0001748,1,0
701,33,0.092803,0.00087529,1,0
702,12,0.181818,0.00036187,11,0
703,11,0.2,0.00031242,1,0
704,16,0.141667,0.00070145,4,0
705,5,0.0,0.00021758,11,0
706,9,0.222222,0.00059755,2,0
707,4,0.166667,0.00024408,15,0
708,18,0.052288,0.0012251,15,0
709,17,0.125,0.00076695,15,0
710,4,0.0,0.00044072,2,0
711,2,0.0,0.00016122,15,0
712,6,0.0,0.00029466,15,0
713,15,0.2,0.00042963,1,0
714,16,0.258333,0.00077214,7,0
715,7,0.285714,0.00041797,15,0
716,4,0.0,0.00025365,2,0
717,40,0.187179,0.00101315,1,0
718,5,0.1,0.00029783,4,0
719,5,0.2,0.00027888,15,0
720,1,0.0,0.00014882,15,0
721,6,0.066667,0.00044273,15,0
722,7,0.047619,0.00026791,7,0
723,66,0.15338,0.00159693,1,0
725,8,0.107143,0.00057467,15,0
726,32,0.072581,0.00102967,10,0
727,3,0.333333,0.00029276,15,0
728,4,0.0,0.00026922,7,0
729,1,0.0,0.00013437,4,0
730,79,0.126258,0.00220155,11,0
731,16,0.116667,0.00080236,15,0
732,45,0.206061,0.00110291,11,0
733,1,0.0,0.0001178,15,0
734,1,0.0,0.00029005,12,0
735,1,0.0,0.00011311,15,0
736,3,1.0,0.00020023,4,0
737,1,0.0,0.00012116,7,0
738,6,0.2,0.0003655,15,0
739,4,0.0,0.00023991,15,0
741,1,0.0,0.00052854,27,14
742,13,0.192308,0.00042123,11,0
743,38,0.089616,0.00141712,15,0
744,1,0.0,0.00011165,15,0
745,2,1.0,0.00012906,11,0
746,3,0.666667,0.00027877,3,0
747,5,0.1,0.00033095,2,0
749,82,0.126167,0.00204632,11,0
750,5,0.3,0.00040231,10,0
751,15,0.133333,0.00067261,11,0
752,8,0.178571,0.00038424,2,0
753,31,0.092473,0.00108511,15,0
754,17,0.132353,0.00079932,15,0
756,1,0.0,0.00012345,15,0
757,32,0.217742,0.00080753,11,0
758,19,0.099415,0.00060317,11,0
759,22,0.082251,0.0007696,15,0
760,14,0.098901,0.00056311,15,0
761,43,0.086379,0.00167994,7,0
762,17,0.5,0.00063104,7,0
763,7,0.095238,0.00046198,3,0
764,1,0.0,0.00011948,15,0
765,2,0.0,0.00016529,4,0
767,13,0.230769,0.00058411,7,0
768,6,0.466667,0.00023567,11,0
769,2,0.0,0.00015173,7,0
770,16,0.133333,0.00046046,1,0
771,2,0.0,0.00016681,15,0
772,5,0.2,0.00029825,15,0
773,5,0.4,0.00060113,4,0
776,4,1.0,0.00032454,28,0
777,3,0.333333,0.00017157,7,0
778,37,0.13964,0.00096742,11,0
779,10,0.177778,0.00039416,7,0
780,8,0.0,0.00033715,15,0
781,15,0.238095,0.00041038,11,0
782,8,0.142857,0.00065476,4,0
784,2,0.0,0.00023776,15,0
785,1,0.0,0.00010097,11,0
786,1,0.0,0.00011766,2,0
787,4,0.0,0.00025969,15,0
788,9,0.388889,0.00045634,7,0
789,6,1.0,0.00052854,5,1
790,13,0.282051,0.00038457,11,0
791,4,0.5,0.00024534,7,0
792,3,0.0,0.0002368,3,0
793,4,0.333333,0.00016588,11,0
794,5,0.1,0.00029746,15,0
795,61,0.151913,0.00146721,11,0
797,20,0.078947,0.00058277,11,0
798,4,0.166667,0.00029358,15,0
799,3,0.333333,0.00022941,7,0
800,13,0.128205,0.00062084,15,0
801,4,0.0,0.00017052,11,0
802,7,0.285714,0.00049634,4,0
804,25,0.136667,0.00067397,1,0
805,5,0.9,0.00036173,4,0
806,5,0.1,0.00020242,1,0
807,3,0.666667,0.00018031,10,0
808,39,0.217274,0.00095048,1,0
809,24,0.094203,0.00062484,1,0
810,2,1.0,0.00014499,15,0
812,15,0.028571,0.00086203,15,0
813,5,0.0,0.00043311,4,0
814,7,0.142857,0.00028339,15,0
815,65,0.151442,0.0015435,11,0
816,40,0.235897,0.00097384,11,0
817,19,0.134503,0.00073782,15,0
818,1,0.0,0.00052854,27,14
819,15,0.32381,0.00049668,11,0
820,8,0.178571,0.00050368,15,0
821,2,0.0,0.00023273,2,0
822,7,0.095238,0.00041186,15,0
823,3,0.333333,0.00021907,15,0
824,1,0.0,0.00012345,15,0
825,3,1.0,0.00018343,15,0
826,8,0.392857,0.00025914,11,0
827,3,0.333333,0.00020825,15,0
828,11,0.236364,0.00050943,15,0
829,3,0.0,0.00022448,15,0
830,38,0.167852,0.00096394,1,0
831,106,0.050854,0.00378334,15,0
832,3,0.0,0.00021759,15,0
834,2,0.0,0.00031481,4,0
835,7,0.285714,0.00035037,15,0
836,19,0.274854,0.00050358,11,0
837,5,0.8,0.00032611,4,0
838,4,0.333333,0.00023776,4,0
839,3,0.666667,0.00026759,3,0
840,1,0.0,0.00012624,15,0
841,2,0.0,0.00017079,15,0
842,10,0.133333,0.00058565,4,0
843,4,0.0,0.00092367,12,0
844,6,0.2,0.00024877,10,0
845,3,0.333333,0.00027165,10,0
846,2,0.0,0.0001502,15,0
847,46,0.120773,0.00125134,11,0
848,10,0.066667,0.00063886,4,0
849,3,0.0,0.00017398,1,0
850,16,0.158333,0.00069521,7,0
851,84,0.135972,0.00208407,1,0
852,63,0.166923,0.001531,11,0
853,3,0.0,0.0002012,15,0
854,2,0.0,0.00017437,2,0
855,8,0.25,0.00052259,28,0
856,1,0.0,0.0001168,15,0
858,9,0.222222,0.00031555,11,0
859,63,0.161802,0.00199446,7,0
860,2,1.0,0.00018265,15,0
861,9,0.111111,0.0002947,1,0
862,45,0.137374,0.00118307,1,0
863,10,0.133333,0.00055654,15,0
864,22,0.082251,0.00078285,15,0
865,4,0.666667,0.00024049,15,0
868,3,0.0,0.00018757,4,0
869,1,0.0,0.00052854,26,13
870,4,0.166667,0.00023753,15,0
871,19,0.169591,0.00093735,15,0
873,29,0.238916,0.0007537,11,0
874,4,0.333333,0.0002902,4,0
875,8,0.214286,0.00025915,11,0
876,6,0.466667,0.00035519,15,0
877,25,0.093333,0.0013032,15,0
878,7,0.428571,0.0002368,11,0
881,7,0.142857,0.00037104,15,0
882,12,0.424242,0.00035127,1,0
884,62,0.144368,0.00149456,1,0
885,3,0.333333,0.00015338,1,0
886,5,0.2,0.00021838,1,0
887,4,0.0,0.00031231,15,0
888,14,0.120879,0.00053741,15,0
889,13,0.038462,0.00070572,15,0
890,19,0.134503,0.00090821,15,0
891,1,0.0,0.00017877,15,0
893,1,0.0,0.00013011,7,0
895,6,1.0,0.00052854,5,1
896,5,0.0,0.00025507,15,0
897,2,0.0,0.00020089,15,0
898,11,0.254545,0.00034884,1,0
899,24,0.072464,0.00100933,15,0
900,2,1.0,0.00015297,10,0
903,7,0.047619,0.00042739,15,0
904,7,0.095238,0.0002952,7,0
905,18,0.183007,0.00052121,1,0
906,24,0.105072,0.0007356,1,0
907,6,0.133333,0.00032986,15,0
908,1,0.0,0.00013437,4,0
909,15,0.07619,0.0006559,4,0
910,31,0.208602,0.00078987,11,0
911,71,0.175453,0.00171715,11,0
912,10,0.266667,0.00048585,15,0
913,5,0.0,0.00028453,15,0
914,4,0.5,0.00032751,4,0
915,8,0.392857,0.00034292,15,0
916,1,0.0,0.00010258,1,0
917,31,0.141935,0.00099788,1,0
919,2,1.0,0.00015687,15,0
920,2,0.0,0.000226,2,0
921,10,0.066667,0.000667,4,0
922,9,0.111111,0.00042516,15,0
924,14,0.164835,0.00054118,11,0
925,34,0.058824,0.00160344,15,0
926,2,1.0,0.00017895,4,0
927,5,0.0,0.00027865,1,0
928,7,0.52381,0.00042415,4,0
929,4,0.0,0.00038684,15,0
930,61,0.131148,0.0015051,1,0
931,1,0.0,0.00013296,2,0
932,11,0.127273,0.00048253,15,0
933,11,0.054545,0.0005449,15,0
934,3,1.0,0.00032278,7,0
935,3,1.0,0.00022047,7,0
936,5,0.6,0.000328,4,0
938,25,0.086667,0.00080265,15,0
939,9,0.083333,0.00041319,15,0
940,4,0.5,0.00036558,7,0
941,72,0.106416,0.00190115,11,0
942,9,0.277778,0.0002909,1,0
943,1,0.0,0.00011,15,0
946,19,0.140351,0.0007446,2,0
948,1,0.0,0.00012959,7,0
949,15,0.266667,0.00063948,2,0
950,5,0.1,0.0003267,15,0
951,9,0.25,0.00050879,7,0
952,5,0.0,0.00025954,15,0
953,2,1.0,0.00019826,15,0
954,10,0.6,0.00038868,7,0
955,14,0.208791,0.00049503,7,0
957,2,0.0,0.00032132,4,0
958,3,0.0,0.00017513,4,0
959,5,0.2,0.000273,7,0
960,1,0.0,0.00012059,4,0
961,4,0.0,0.00034571,7,0
962,3,0.0,0.0002682,15,0
963,26,0.307692,0.00070858,11,0
964,7,0.190476,0.00029627,2,0
965,9,0.25,0.00028956,11,0
966,63,0.150538,0.00157113,1,0
967,2,0.0,0.00020066,15,0
968,3,0.0,0.00026607,4,0
969,11,0.218182,0.00037075,1,0
971,6,0.333333,0.0002714,15,0
972,8,0.178571,0.00068524,19,0
975,9,0.138889,0.00034483,15,0
976,7,0.142857,0.00038772,15,0
977,2,0.0,0.00015531,7,0
978,2,0.0,0.00030239,15,0
979,1,0.0,0.00011367,15,0
980,1,0.0,0.00011709,15,0
981,1,0.0,0.00011866,15,0
982,6,0.066667,0.00030007,1,0
984,29,0.140394,0.00075624,1,0
985,19,0.187135,0.00052536,1,0
986,18,0.045752,0.00081882,15,0
987,8,0.107143,0.00027669,1,0
989,3,0.0,0.00020353,1,0
990,1,0.0,0.00018358,4,0
991,3,0.333333,0.00026823,6,0
993,3,0.333333,0.0004664,19,0
994,4,0.333333,0.00023559,7,0
995,2,1.0,0.00012566,1,0
996,4,0.166667,0.00025273,15,0
997,2,0.0,0.00019298,15,0
998,13,0.064103,0.00044109,11,0
999,16,0.041667,0.00069898,15,0
1001,62,0.138022,0.00150304,1,0
1002,35,0.121008,0.00097232,11,0
1003,3,0.0,0.00019882,7,0
1004,10,0.111111,0.00048159,10,0
1005,6,1.0,0.00052854,5,1
1006,12,0.015152,0.0005498,1,0
1007,6,0.133333,0.00025181,1,0
1008,2,0.0,0.00024522,15,0
1009,2,1.0,0.00017021,15,0
1010,8,0.25,0.00040278,7,0
1011,17,0.132353,0.00055729,2,0
1012,1,0.0,0.00012542,7,0
1013,13,0.089744,0.00082544,4,0
1014,14,0.307692,0.00042018,11,0
1015,1,0.0,0.0001044,11,0
1016,3,0.0,0.00041422,7,0
1017,51,0.15451,0.00121539,11,0
1018,4,0.833333,0.00028763,2,0
1019,1,0.0,0.00014072,2,0
1020,10,0.177778,0.00041534,15,0
1021,10,0.111111,0.00049324,15,0
1022,2,0.0,0.00012397,11,0
1023,91,0.15873,0.00214821,11,0
1024,2,1.0,0.00017155,4,0
1025,6,1.0,0.00052854,5,1
1026,6,0.0,0.00034014,1,0
1027,53,0.20537,0.00138025,11,0
1028,1,0.0,0.00010623,1,0
1029,3,0.0,0.00022876,7,0
1030,3,1.0,0.00042091,4,0
1032,8,0.285714,0.00053089,15,0
1033,46,0.17971,0.00118056,11,0
1034,34,0.124777,0.00102097,11,0
1035,16,0.175,0.00085815,15,0
1036,5,0.3,0.00041512,7,0
1037,3,1.0,0.00026115,15,0
1038,13,0.371795,0.00059366,7,0
1039,2,1.0,0.00012536,11,0
1040,5,0.0,0.00031397,15,0
1041,3,0.0,0.00022948,15,0
1042,12,0.166667,0.00036511,11,0
1044,4,0.166667,0.00030031,15,0
1046,14,0.318681,0.00038067,11,0
1047,1,0.0,0.00052854,29,15
1049,3,0.0,0.00020854,1,0
1050,2,0.0,0.00017846,7,0
1051,1,0.0,0.00016203,15,0
1052,4,0.0,0.00027982,2,0
1053,31,0.260215,0.00076219,11,0
1054,34,0.067736,0.00142802,1,0
1055,2,0.0,0.00016643,15,0
1056,34,0.156863,0.00087905,1,0
1057,18,0.150327,0.000526,1,0
1058,31,0.139785,0.00083382,1,0
1060,4,0.0,0.00027692,15,0
1061,4,0.5,0.00024885,15,0
1062,3,0.0,0.00018854,7,0
1063,4,0.0,0.00034327,1,0
1064,1,0.0,0.00016048,15,0
1065,5,0.6,0.00018553,11,0
1067,9,0.194444,0.00047713,15,0
1068,2,1.0,0.00017301,7,0
1069,69,0.161552,0.00170941,1,0
1070,2,0.0,0.0001749,15,0
1071,45,0.186869,0.00112265,1,0
1072,44,0.174419,0.00120815,1,0
1073,2,0.0,0.00018526,7,0
1074,5,0.1,0.00026095,7,0
1075,25,0.086667,0.0009345,1,0
1076,10,0.133333,0.00045338,4,0
1078,4,0.0,0.00023077,15,0
1079,5,0.1,0.0003157,15,0
1080,31,0.206452,0.0008099,11,0
1081,4,0.0,0.0002354,15,0
1082,2,0.0,0.00015102,10,0
1083,2,0.0,0.00029034,15,0
1084,6,0.266667,0.00027827,4,0
1085,2,0.0,0.00020741,4,0
1086,20,0.142105,0.0005742,1,0
1087,32,0.02621,0.00166413,15,0
1088,16,0.066667,0.00073175,15,0
1089,17,0.139706,0.00079165,7,0
1090,3,0.333333,0.00020416,15,0
1091,5,0.0,0.00029406,15,0
1092,28,0.113757,0.00092922,11,0
1093,1,0.0,0.00015579,15,0
1094,10,0.022222,0.00061145,15,0
1097,13,0.076923,0.00042903,1,0
1098,2,1.0,0.00022193,4,0
1099,4,0.333333,0.00021109,7,0
1100,4,0.5,0.00030435,15,0
1101,3,0.333333,0.00021989,4,0
1102,77,0.08715,0.00203639,1,0
1103,9,0.25,0.0004043,7,0
1104,30,0.23908,0.00077232,1,0
1106,33,0.159091,0.00086411,1,0
1107,9,0.194444,0.00056082,3,0
1108,9,0.305556,0.00043829,15,0
1109,5,0.2,0.00021036,1,0
1110,1,0.0,0.00052854,30,16
1111,2,0.0,0.00021115,2,0
1112,3,0.333333,0.00018412,2,0
1113,41,0.090244,0.0012128,11,0
1114,6,0.2,0.00027541,15,0
1115,11,0.290909,0.0005814,7,0
1116,11,0.163636,0.00043138,11,0
1118,6,0.466667,0.0004785,4,0
1119,2,0.0,0.00014134,15,0
1120,23,0.090909,0.0009165,15,0
1121,1,0.0,0.00011793,15,0
1122,3,0.666667,0.00014757,11,0
1123,2,0.0,0.00023552,15,0
1124,25,0.17,0.00066706,1,0
1125,23,0.114625,0.00109125,7,0
1126,1,0.0,0.00011591,15,0
1128,9,0.194444,0.0002811,11,0
1130,57,0.038221,0.00236053,15,0
1131,7,0.190476,0.00024749,1,0
1132,75,0.148829,0.00192096,1,0
1133,25,0.07,0.00084464,15,0
1134,1,0.0,0.00020288,15,0
1135,38,0.169275,0.00096722,11,0
1136,25,0.116667,0.00068355,1,0
1137,7,0.047619,0.00030464,1,0
1138,11,0.036364,0.0006279,15,0
1139,2,0.0,0.00015704,10,0
1140,1,0.0,0.0001395,7,0
1143,20,0.2,0.00054899,1,0
1144,19,0.105263,0.00089044,15,0
1145,72,0.12011,0.00179468,11,0
1146,41,0.071951,0.00146782,15,0
1147,2,0.0,0.00016394,15,0
1148,14,0.142857,0.00065945,7,0
1149,3,0.0,0.0002278,4,0
1150,33,0.19697,0.00095497,11,0
1151,3,0.0,0.00022457,15,0
1152,4,0.0,0.00030412,15,0
1153,23,0.071146,0.00083056,15,0
1154,13,0.24359,0.00059683,15,0
1155,9,0.111111,0.00059717,4,0
1156,8,0.071429,0.00040355,15,0
1157,3,0.333333,0.00016384,15,0
1158,4,0.166667,0.00032814,15,0
1159,4,0.333333,0.00023338,15,0
1160,10,0.155556,0.00043301,15,0
1161,17,0.132353,0.00058635,1,0
1163,17,0.529412,0.00064471,7,0
1164,52,0.144042,0.00183957,7,0
1165,12,0.287879,0.00046515,7,0
1166,4,0.166667,0.00024294,7,0
1167,28,0.092593,0.00132898,15,0
1170,8,0.035714,0.00038307,15,0
1171,23,0.086957,0.00066727,11,0
1172,5,0.1,0.00038828,15,0
1173,30,0.266667,0.00113871,7,0
1174,18,0.183007,0.00091146,15,0
1176,2,1.0,0.00013938,2,0
1177,5,0.2,0.00034886,15,0
1178,10,0.088889,0.00034968,11,0
1179,52,0.178733,0.00130137,1,0
1180,7,0.095238,0.00028864,15,0
1181,2,0.0,0.00017624,7,0
1182,2,1.0,0.00017525,4,0
1183,14,0.120879,0.00059814,15,0
1184,54,0.122991,0.00142344,1,0
1185,6,0.0,0.00023603,11,0
1186,7,0.095238,0.00026457,1,0
1187,3,0.0,0.00024557,15,0
1188,7,0.285714,0.00032667,1,0
1189,38,0.187767,0.00103052,11,0
1190,1,0.0,0.00012662,15,0
1191,7,0.142857,0.00042234,7,0
1192,3,0.0,0.00020783,15,0
1193,1,0.0,0.0001168,15,0
1194,7,0.0,0.0004589,4,0
1195,2,0.0,0.00039436,10,0
1196,29,0.076355,0.00117952,15,0
1197,15,0.180952,0.00041545,1,0
1198,40,0.130769,0.00102353,1,0
1199,2,1.0,0.00052854,9,3
1200,2,0.0,0.0001645,7,0
1202,9,0.305556,0.00044488,7,0
1204,16,0.091667,0.0009048,15,0
1205,7,0.095238,0.00034644,4,0
1206,3,0.0,0.00019823,15,0
1207,2,0.0,0.0002929,15,0
1209,13,0.320513,0.00060614,7,0
1210,76,0.055439,0.00387002,7,0
1211,5,0.1,0.00032572,4,0
1212,1,0.0,0.00020805,15,0
1213,68,0.100966,0.00284888,7,0
1214,10,0.111111,0.00048502,15,0
1215,2,0.0,0.00012793,1,0
1216,2,0.0,0.00016691,10,0
1217,3,0.0,0.000244,2,0
1219,3,0.0,0.00017545,1,0
1220,2,0.0,0.00013801,7,0
1221,11,0.109091,0.00067006,15,0
1222,11,0.090909,0.0004036,1,0
1223,2,0.0,0.00018872,7,0
1224,4,0.5,0.00030932,15,0
1225,8,0.214286,0.00036808,7,0
1226,26,0.267692,0.00066536,1,0
1228,1,0.0,0.00013729,15,0
1229,7,0.047619,0.00031022,15,0
1230,51,0.096471,0.00220846,15,0
1231,3,0.333333,0.0002325,15,0
1232,4,0.166667,0.0002541,7,0
1233,17,0.132353,0.00050071,1,0
1234,4,0.166667,0.00023016,10,0
1235,2,0.0,0.00074643,31,6
1236,3,0.0,0.00021804,15,0
1237,6,0.133333,0.00042455,15,0
1238,3,0.0,0.00036982,10,0
1239,5,0.2,0.00036423,15,0
1240,6,0.333333,0.00049064,19,0
1242,1,0.0,0.00014041,15,0
1243,5,0.1,0.00028268,15,0
1244,4,0.5,0.00025211,7,0
1245,2,0.0,0.00022025,15,0
1246,9,0.138889,0.00044986,7,0
1247,82,0.153267,0.0019253,11,0
1248,14,0.098901,0.0004278,11,0
1249,51,0.048627,0.00235931,15,0
1253,75,0.14018,0.00186254,1,0
1254,7,0.142857,0.00049163,6,0
1255,30,0.165517,0.00104299,7,0
1256,2,0.0,0.00018275,15,0
1258,86,0.03119,0.00423032,7,0
1259,12,0.060606,0.00061018,15,0
1261,8,0.178571,0.00035376,1,0
1262,11,0.109091,0.00035327,1,0
1263,59,0.183518,0.00144593,1,0
1264,3,0.0,0.00028216,15,0
1265,2,0.0,0.00018516,7,0
1266,12,0.151515,0.00059678,15,0
1267,12,0.181818,0.00052415,15,0
1270,1,0.0,0.00012238,15,0
1271,16,0.133333,0.00086421,15,0
1272,29,0.125616,0.00075736,11,0
1273,2,1.0,0.00021007,4,0
1274,16,0.108333,0.00069751,15,0
1275,18,0.052288,0.00073537,15,0
1276,1,0.0,0.00052854,29,15
1277,21,0.066667,0.00077033,15,0
1278,33,0.119318,0.00087413,11,0
1279,1,0.0,0.000149,4,0
1280,5,0.3,0.00041158,7,0
1281,110,0.033862,0.00473515,15,0
1282,3,1.0,0.0001879,7,0
1283,57,0.104637,0.00163056,11,0
1284,2,1.0,0.00017895,4,0
1286,2,1.0,0.00016532,15,0
1287,12,0.227273,0.00059029,2,0
1288,4,0.166667,0.00023474,15,0
1289,6,0.133333,0.00044136,15,0
1290,9,0.027778,0.00034593,1,0
1291,5,0.1,0.00025722,15,0
1292,2,0.0,0.0001451,11,0
1293,2,0.0,0.00020209,3,0
1294,21,0.195238,0.00057016,1,0
1295,6,0.0,0.00049274,15,0
1296,8,0.142857,0.0005248,2,0
1298,11,0.145455,0.00033201,11,0
1299,8,0.142857,0.00034488,15,0
1300,89,0.159602,0.00209928,11,0
1301,33,0.278409,0.00082423,11,0
1302,5,0.3,0.00024078,15,0
1303,4,0.166667,0.00034137,19,0
1304,26,0.206154,0.00064857,1,0
1305,29,0.110837,0.0007305,1,0
1307,5,0.2,0.00021372,11,0
1308,56,0.125325,0.00152938,11,0
1309,2,1.0,0.00018265,15,0
1310,33,0.121212,0.00098971,11,0
1311,11,0.363636,0.00033692,11,0
1312,4,0.5,0.00033147,3,0
1313,2,0.0,0.00018795,15,0
1315,3,0.333333,0.00022873,4,0
1316,9,0.0,0.00048823,7,0
1318,8,0.25,0.00025855,1,0
1319,19,0.02924,0.00069941,11,0
1321,1,0.0,0.00052854,30,16
1322,3,1.0,0.00042091,4,0
1323,1,0.0,0.00011504,15,0
1324,1,0.0,0.00017877,15,0
1325,2,1.0,0.00043299,25,2
1327,3,1.0,0.00020195,7,0
1329,2,1.0,0.00020927,15,0
1330,3,0.666667,0.00021139,15,0
1331,5,0.0,0.00029506,15,0
1332,41,0.193902,0.00100509,1,0
1333,1,0.0,0.00016502,15,0
1334,4,0.166667,0.00016473,11,0
1335,4,0.166667,0.00026959,4,0
1336,1,0.0,0.00052854,32,17
1337,11,0.109091,0.00039269,1,0
1339,20,0.126316,0.00069875,15,0
1340,1,0.0,0.00017318,2,0
1342,23,0.043478,0.00172092,6,0
1343,71,0.123541,0.00225999,7,0
1345,13,0.128205,0.00061513,15,0
1346,25,0.096667,0.00079344,11,0
1347,7,0.285714,0.00048972,15,0
1348,7,0.571429,0.00023304,11,0
1349,3,0.333333,0.00021915,15,0
1350,5,0.0,0.0002841,15,0
1351,1,0.0,0.00010863,2,0
1352,3,0.333333,0.00030236,4,0
1353,7,0.190476,0.00034697,2,0
1354,9,0.25,0.00062224,15,0
1355,1,0.0,0.00015296,15,0
1356,72,0.174491,0.0016588,11,0
1357,12,0.090909,0.00065479,15,0
1358,7,0.238095,0.00035835,15,0
1360,1,0.0,0.0004196,21,4
1362,11,0.090909,0.00054319,15,0
1363,3,0.0,0.00015736,1,0
1364,11,0.090909,0.00058265,15,0
1365,49,0.142857,0.00118032,1,0
1366,3,0.333333,0.00017106,15,0
1367,11,0.072727,0.00046794,15,0
1368,6,0.2,0.00031319,10,0
1369,40,0.107692,0.00117307,11,0
1371,1,0.0,0.00052854,33,18
1372,8,0.035714,0.00045047,7,0
1373,4,0.0,0.00019004,1,0
1374,2,0.0,0.00013299,2,0
1375,7,0.333333,0.00049426,15,0
1376,2,1.0,0.00022307,15,0
1377,5,0.0,0.00056177,2,0
1378,1,0.0,0.00052854,34,19
1379,24,0.15942,0.00064962,1,0
1380,31,0.064516,0.00114958,15,0
1381,20,0.157895,0.00068798,1,0
1382,8,0.142857,0.00060294,4,0
1383,4,0.0,0.00044994,15,0
1384,2,0.0,0.00018834,7,0
1385,2,1.0,0.00012166,11,0
1386,4,0.333333,0.00035698,6,0
1387,3,0.0,0.00021126,4,0
1388,5,0.2,0.00019686,11,0
1389,12,0.015152,0.00053758,10,0
1390,4,0.0,0.00028046,15,0
1393,30,0.126437,0.00146041,7,0
1394,19,0.122807,0.00052102,1,0
1395,5,0.0,0.00036059,7,0
1396,4,0.333333,0.00023918,15,0
1397,19,0.017544,0.00109013,15,0
1398,2,1.0,0.00031838,17,0
1399,4,0.166667,0.00017623,1,0
1401,5,0.1,0.0002832,15,0
1402,3,0.333333,0.00025921,2,0
1403,7,0.095238,0.00032718,15,0
1404,15,0.038095,0.00089234,15,0
1405,3,0.333333,0.00021175,7,0
1406,2,0.0,0.00037304,15,0
1407,2,0.0,0.00015344,15,0
1408,11,0.018182,0.00066101,15,0
1410,19,0.157895,0.00055618,11,0
1411,4,0.333333,0.0002247,15,0
1413,8,0.142857,0.00025989,1,0
1414,2,0.0,0.00016195,15,0
1416,2,0.0,0.00017594,15,0
1418,8,0.071429,0.00033957,11,0
1419,27,0.102564,0.00088832,15,0
1420,7,0.428571,0.00033735,15,0
1421,1,0.0,0.0004196,31,6
1422,1,0.0,0.00012392,15,0
1423,22,0.125541,0.00057333,1,0
1424,8,0.464286,0.00034678,15,0
1425,8,0.035714,0.0003077,11,0
1426,4,0.333333,0.00026041,15,0
1427,8,0.142857,0.00037535,7,0
1428,5,0.1,0.00028004,15,0
1429,18,0.176471,0.00050292,11,0
1430,4,0.333333,0.00022217,15,0
1431,4,0.0,0.00030976,7,0
1432,4,0.166667,0.0002265,7,0
1433,18,0.117647,0.00056861,1,0
1434,17,0.147059,0.0005007,1,0
1435,3,0.333333,0.00015361,1,0
1437,39,0.180837,0.00100527,1,0
1438,4,0.0,0.00028711,15,0
1439,3,0.0,0.00027913,15,0
1440,6,0.066667,0.00028121,15,0
1441,3,0.0,0.00020176,15,0
1442,3,1.0,0.00042091,4,0
1443,6,0.0,0.0002892,15,0
1444,4,0.333333,0.00022393,15,0
1445,60,0.155932,0.00145914,1,0
1446,10,0.266667,0.00031377,11,0
1447,22,0.242424,0.00055698,11,0
1449,3,0.333333,0.00020199,15,0
1450,12,0.045455,0.00063008,15,0
1451,20,0.157895,0.00053719,11,0
1452,12,0.181818,0.00036748,1,0
1453,64,0.166171,0.00148596,11,0
1454,10,0.155556,0.00046859,7,0
1455,27,0.176638,0.00070958,11,0
1456,4,0.666667,0.00026647,7,0
1457,34,0.12656,0.00089555,1,0
1458,13,0.038462,0.00057393,15,0
1459,2,1.0,0.00023343,6,0
1461,1,0.0,0.00010331,11,0
1462,17,0.132353,0.00047805,1,0
1463,4,0.166667,0.00026636,15,0
1464,2,1.0,0.0003366,14,0
1465,12,0.121212,0.00042425,1,0
1466,16,0.183333,0.00046637,11,0
1467,5,0.2,0.00028498,1,0
1469,9,0.083333,0.00035253,11,0
1470,3,0.0,0.00036685,4,0
1471,38,0.172119,0.00091516,1,0
1472,3,0.333333,0.00025285,7,0
1473,18,0.117647,0.00067824,2,0
1474,3,0.0,0.00024337,7,0
1475,8,0.142857,0.00030188,11,0
1476,36,0.146032,0.00099629,11,0
1477,3,0.0,0.00022036,7,0
1478,80,0.096203,0.00215145,1,0
1479,23,0.134387,0.00103772,2,0
1480,8,0.035714,0.00044675,15,0
1481,5,0.2,0.00026777,15,0
1483,6,0.2,0.00026455,11,0
1484,1,0.0,0.00052854,16,9
1485,2,1.0,0.00020927,15,0
1486,4,0.5,0.00029888,7,0
1488,65,0.035096,0.00294297,15,0
1489,15,0.152381,0.00047793,11,0
1490,7,0.047619,0.00048798,15,0
1491,29,0.162562,0.00081364,11,0
1492,1,0.0,0.00011493,7,0
1493,1,0.0,0.0001386,15,0
1494,1,0.0,0.00010088,11,0
1495,8,0.071429,0.00067666,19,0
1496,11,0.509091,0.00044407,7,0
1497,2,0.0,0.00022745,6,0
1498,17,0.007353,0.0008413,15,0
1499,2,0.0,0.00024137,15,0
1500,2,0.0,0.00074643,21,4
1501,6,0.466667,0.00037538,2,0
1502,3,0.666667,0.00062409,25,2
1503,95,0.109071,0.00265167,11,0
1504,4,0.666667,0.00024174,10,0
1505,5,0.1,0.00025203,7,0
1506,2,0.0,0.00018551,7,0
1507,7,0.0,0.000481,4,0
1508,10,0.066667,0.00061546,15,0
1509,10,0.133333,0.00037775,1,0
1511,18,0.130719,0.00048088,11,0
1513,1,0.0,0.0001689,4,0
1514,27,0.270655,0.00100295,7,0
1515,50,0.167347,0.00117886,1,0
1516,12,0.121212,0.00037282,1,0
1517,24,0.152174,0.00070731,1,0
1518,1,0.0,0.00015296,15,0
1519,2,0.0,0.00013499,2,0
1520,4,0.0,0.00020337,11,0
1521,14,0.230769,0.00040336,1,0
1522,9,0.194444,0.00038447,10,0
1524,5,0.0,0.00042308,15,0
1525,27,0.230769,0.00070261,11,0
1527,18,0.111111,0.00085196,15,0
1528,19,0.163743,0.00054374,1,0
1530,21,0.085714,0.00091413,15,0
1531,2,0.0,0.00016582,15,0
1532,27,0.202279,0.0007673,1,0
1533,16,0.15,0.00049659,1,0
1534,4,0.0,0.00023876,15,0
1535,38,0.102418,0.00126343,1,0
1536,5,0.0,0.00027876,15,0
1537,2,1.0,0.00015907,15,0
1538,5,0.3,0.00035381,6,0
1539,7,0.142857,0.00032109,15,0
1540,7,0.047619,0.00025982,1,0
1541,9,0.194444,0.00047849,7,0
1542,5,0.4,0.00027203,7,0
1543,119,0.030765,0.00524615,15,0
1544,3,0.0,0.00017603,15,0
1545,2,0.0,0.00015516,15,0
1546,2,0.0,0.00017467,7,0
1547,4,0.166667,0.00021053,15,0
1549,1,0.0,0.00012038,15,0
1551,4,0.166667,0.00023724,7,0
1552,7,0.047619,0.00026311,1,0
1553,22,0.08658,0.00081905,15,0
1554,26,0.098462,0.00115927,15,0
1555,18,0.189542,0.00050945,1,0
1556,19,0.052632,0.00087698,15,0
1557,4,1.0,0.0003065,4,0
1558,3,0.333333,0.00016945,11,0
1559,15,0.27619,0.00043743,1,0
1560,57,0.140351,0.00140816,1,0
1562,25,0.036667,0.00101546,15,0
1563,14,0.087912,0.00057184,1,0
1564,14,0.197802,0.00038291,1,0
1565,2,0.0,0.00016781,15,0
1566,4,0.0,0.00022447,15,0
1567,43,0.126246,0.00110392,1,0
1568,85,0.107283,0.00215434,1,0
1570,2,0.0,0.00018098,7,0
1572,29,0.184729,0.00074842,11,0
1573,10,0.066667,0.00051367,15,0
1574,6,1.0,0.00052854,5,1
1575,3,0.333333,0.00026704,4,0
1576,1,0.0,0.00012131,10,0
1577,10,0.066667,0.00034288,11,0
1578,4,0.166667,0.00018385,11,0
1579,2,0.0,0.00018561,15,0
1580,1,0.0,0.00010189,11,0
1581,19,0.099415,0.00091574,15,0
1582,3,0.333333,0.0001917,15,0
1583,4,0.166667,0.00022691,15,0
1584,9,0.111111,0.00041949,15,0
1585,5,0.3,0.00027737,7,0
1586,4,0.0,0.00032694,15,0
1587,2,0.0,0.00015188,7,0
1588,5,0.2,0.00025772,15,0
1589,8,0.178571,0.00042803,15,0
1590,21,0.166667,0.0006473,1,0
1591,7,0.380952,0.0002275,1,0
1592,2,0.0,0.0001634,15,0
1593,25,0.153333,0.00066945,1,0
1594,4,0.166667,0.00025687,15,0
1595,9,0.138889,0.00045134,7,0
1596,1,0.0,0.00012463,15,0
1597,70,0.036853,0.00278525,15,0
1599,2,0.0,0.0002053,2,0
1600,77,0.136364,0.001812,1,0
1601,4,0.5,0.00025414,7,0
1603,23,0.043478,0.00074092,15,0
1604,1,0.0,0.00013437,4,0
1605,18,0.098039,0.00056138,1,0
1606,48,0.161348,0.00119912,1,0
1607,15,0.12381,0.0004311,1,0
1608,3,0.333333,0.00020886,1,0
1611,2,1.0,0.0001504,7,0
1613,3,0.333333,0.00021806,15,0
1614,21,0.042857,0.00090825,15,0
1615,4,0.166667,0.00036298,4,0
1616,35,0.134454,0.00089302,11,0
1617,3,1.0,0.00032278,7,0
1618,7,0.428571,0.00037865,7,0
1619,3,0.0,0.00021598,2,0
1620,2,0.0,0.00022306,15,0
1621,3,0.666667,0.00030851,4,0
1622,3,0.0,0.00025462,7,0
1623,9,0.0,0.00067391,15,0
1624,1,0.0,0.00012467,15,0
1625,53,0.078374,0.00235376,15,0
1626,18,0.045752,0.00107494,7,0
1627,15,0.104762,0.00069626,15,0
1628,38,0.200569,0.0009694,11,0
1629,3,0.0,0.00021942,15,0
1630,1,0.0,0.00011615,15,0
1632,46,0.091787,0.00128257,1,0
1633,7,0.238095,0.00023287,11,0
1634,8,0.035714,0.000691,15,0
1635,9,0.111111,0.00042944,7,0
1636,24,0.112319,0.00063087,1,0
1637,1,0.0,0.00011252,7,0
1638,3,0.666667,0.00029736,19,0
1639,2,1.0,0.00015965,15,0
1640,2,0.0,0.00016831,15,0
1641,9,0.138889,0.00041009,7,0
1642,33,0.087121,0.00146652,7,0
1643,2,0.0,0.00015714,7,0
1644,1,0.0,0.00016161,15,0
1646,39,0.091768,0.00109551,1,0
1647,3,0.0,0.0001649,11,0
1648,13,0.371795,0.00036774,11,0
1649,13,0.115385,0.0004272,11,0
1650,2,1.0,0.00052854,24,5
1652,7,0.142857,0.00031163,1,0
1653,34,0.221034,0.00112936,7,0
1654,1,0.0,0.0001395,7,0
1655,6,0.4,0.00040221,15,0
1656,6,0.133333,0.00034444,7,0
1657,2,0.0,0.00030685,4,0
1658,2,0.0,0.00012793,1,0
1659,63,0.152074,0.00149057,1,0
1660,38,0.041252,0.00202433,15,0
1661,5,0.3,0.00019973,1,0
1662,57,0.046992,0.00195475,11,0
1663,15,0.238095,0.00041656,1,0
1664,19,0.070175,0.00072386,15,0
1665,13,0.102564,0.00042038,1,0
1666,33,0.136364,0.00096612,11,0
1667,5,0.2,0.0002369,7,0
1669,3,0.666667,0.00023991,6,0
1670,45,0.040404,0.00202323,15,0
1671,22,0.095238,0.00103882,15,0
1672,1,0.0,0.00011621,7,0
1674,1,0.0,9.996e-05,11,0
1675,1,0.0,0.00010401,11,0
1676,1,0.0,0.00052854,32,17
1677,3,0.666667,0.0002728,28,0
1678,8,0.142857,0.00027217,1,0
1679,7,0.047619,0.00042395,15,0
1680,2,0.0,0.00018514,6,0
1682,30,0.11954,0.00114259,15,0
1683,1,0.0,0.00011089,1,0
1684,5,0.3,0.0002224,1,0
1685,2,0.0,0.00015388,15,0
1686,3,0.0,0.00016836,15,0
1687,23,0.249012,0.00058168,1,0
1688,5,0.1,0.00021915,15,0
1689,1,0.0,0.00012494,15,0
1690,65,0.135577,0.00165558,1,0
1691,7,0.190476,0.00038888,4,0
1692,1,0.0,0.00026678,7,0
1693,1,0.0,0.00010418,11,0
1694,2,0.0,0.00015713,4,0
1695,2,0.0,0.00015587,15,0
1696,4,0.0,0.00024777,15,0
1697,7,0.142857,0.00048426,15,0
1699,6,0.533333,0.00033074,4,0
1700,4,0.0,0.00027956,15,0
1701,1,0.0,0.00012629,15,0
1702,22,0.164502,0.00099122,15,0
1703,2,0.0,0.00017902,15,0
1704,23,0.102767,0.00078695,11,0
1705,2,0.0,0.00016621,15,0
1706,31,0.062366,0.0011175,10,0
1707,8,0.285714,0.00039088,15,0
1708,4,0.333333,0.00029992,7,0
1709,39,0.066127,0.00177122,15,0
1710,1,0.0,0.000149,4,0
1711,3,1.0,0.00029795,7,0
1712,3,0.0,0.00020283,15,0
1715,11,0.090909,0.00040765,1,0
1717,6,0.4,0.00023479,11,0
1718,1,0.0,0.00011889,15,0
1719,8,0.107143,0.00044935,10,0
1720,2,0.0,0.0001781,15,0
1721,4,0.166667,0.0002882,15,0
1722,25,0.183333,0.00072178,1,0
1723,5,0.3,0.00027149,15,0
1724,3,0.333333,0.00019325,7,0
1725,28,0.203704,0.00074476,11,0
1726,21,0.180952,0.00055964,11,0
1727,3,0.333333,0.00022773,4,0
1728,10,0.155556,0.00044814,7,0
1729,1,0.0,0.00023943,15,0
1730,6,0.066667,0.00043364,2,0
1731,3,0.0,0.00026393,15,0
1732,3,0.666667,0.00024076,4,0
1733,1,0.0,0.00052854,22,12
1734,19,0.25731,0.00064126,11,0
1736,4,0.0,0.00017719,1,0
1737,3,0.333333,0.00040063,14,0
1740,3,0.333333,0.00023402,4,0
1741,27,0.076923,0.0010142,11,0
1742,54,0.148148,0.00132,11,0
1743,13,0.179487,0.00047636,2,0
1744,4,0.666667,0.00025506,7,0
1745,2,0.0,0.00019659,15,0
1746,2,0.0,0.00016909,15,0
1747,1,0.0,0.0002099,4,0
1748,12,0.075758,0.00041172,11,0
1749,12,0.045455,0.00064042,15,0
1751,2,1.0,0.00036931,19,0
1752,13,0.102564,0.00043064,1,0
1753,17,0.191176,0.00047049,1,0
1754,2,0.0,0.00018167,6,0
1755,2,0.0,0.00018045,4,0
1757,21,0.247619,0.00060674,11,0
1758,3,0.0,0.00026224,15,0
1759,4,0.666667,0.00034239,28,0
1760,4,0.0,0.00026132,2,0
1761,47,0.100833,0.00183167,15,0
1762,21,0.195238,0.00054448,11,0
1764,1,0.0,0.00052854,34,19
1765,4,0.0,0.0001705,1,0
1766,34,0.185383,0.00085564,11,0
1768,18,0.176471,0.00048603,1,0
1769,26,0.153846,0.00078875,11,0
1770,2,0.0,0.00014932,2,0
1771,17,0.25,0.00048156,11,0
1772,7,0.0,0.00034881,15,0
1773,64,0.118552,0.00172272,11,0
1774,2,1.0,0.00020408,4,0
1775,2,1.0,0.00021281,10,0
1776,3,0.666667,0.0001634,11,0
1777,28,0.145503,0.00121465,7,0
1778,1,0.0,0.000195,1,0
1779,3,1.0,0.00029804,10,0
1780,53,0.134253,0.00132885,11,0
1781,5,0.1,0.00024278,15,0
1782,8,0.071429,0.00033318,15,0
1783,8,0.035714,0.00049849,15,0
1784,2,1.0,0.00014605,15,0
1785,44,0.015856,0.00196531,15,0
1786,1,0.0,0.00010084,11,0
1787,2,0.0,0.00031013,15,0
1788,10,0.2,0.00031413,1,0
1789,23,0.031621,0.00122704,15,0
1790,4,0.5,0.00016774,1,0
1791,4,0.333333,0.00019675,1,0
1792,18,0.098039,0.00095901,15,0
1793,17,0.147059,0.00076058,15,0
1794,4,0.166667,0.00023296,15,0
1795,5,0.2,0.00023528,1,0
1796,2,0.0,0.00014271,15,0
1797,4,0.166667,0.00024142,15,0
1798,8,0.321429,0.0003442,7,0
1799,5,0.2,0.00021997,11,0
1800,5,0.6,0.0002372,7,0
1801,42,0.073171,0.00241063,4,0
1802,1,0.0,0.00010844,11,0
1803,35,0.159664,0.00084341,1,0
1804,22,0.147186,0.00088345,15,0
1805,17,0.036765,0.00088113,15,0
1806,4,0.0,0.00034168,4,0
1807,2,1.0,0.00036931,19,0
1808,11,0.090909,0.00038652,1,0
1809,23,0.110672,0.00088039,15,0
1810,4,0.5,0.00017313,11,0
1811,41,0.081707,0.00110721,1,0
1813,47,0.184089,0.0011276,1,0
1814,1,0.0,0.00011493,7,0
1815,3,0.333333,0.00017383,1,0
1816,3,0.0,0.00024932,7,0
1817,7,0.142857,0.00030494,15,0
1818,20,0.068421,0.0007239,7,0
1819,1,0.0,0.00052854,18,10
1820,32,0.207661,0.00078997,11,0
1821,30,0.117241,0.00077603,1,0
1822,3,0.0,0.00023092,15,0
1823,9,0.25,0.00036112,15,0
1824,7,0.095238,0.0004092,15,0
1825,12,0.106061,0.00051675,2,0
1826,12,0.181818,0.00049254,15,0
1827,3,0.666667,0.00028099,4,0
1828,11,0.163636,0.00032797,1,0
1829,12,0.19697,0.0003492,1,0
1830,13,0.128205,0.00055587,15,0
1831,4,0.0,0.00028797,15,0
1832,40,0.047436,0.0014413,1,0
1833,12,0.166667,0.00038489,11,0
1834,4,0.0,0.00018457,11,0
1835,23,0.391304,0.00084166,7,0
1836,1,0.0,0.00052854,20,11
1838,22,0.108225,0.00072593,1,0
1839,1,0.0,0.00012463,15,0
1840,3,0.666667,0.00045921,17,0
1841,15,0.238095,0.00072122,7,0
1842,1,0.0,0.00011605,15,0
1844,2,1.0,0.00014933,10,0
1845,12,0.181818,0.00056062,7,0
1846,9,0.138889,0.00034375,11,0
1847,3,0.0,0.00024465,15,0
1848,3,0.0,0.00032297,15,0
1850,5,0.3,0.00019078,1,0
1851,23,0.249012,0.00065142,11,0
1852,4,0.0,0.00023402,15,0
1853,3,0.333333,0.00024693,15,0
1854,3,0.0,0.00018309,4,0
1855,1,0.0,0.00012467,15,0
1856,45,0.156566,0.00113343,11,0
1857,1,0.0,0.00017544,2,0
1858,3,0.0,0.000225,15,0
1859,5,0.1,0.00024673,15,0
1860,1,0.0,0.00020398,15,0
1861,1,0.0,0.00015301,4,0
1862,8,0.535714,0.00060067,28,0
1863,1,0.0,0.00010229,11,0
1864,5,0.3,0.00029618,15,0
1865,13,0.102564,0.00058538,7,0
1866,8,0.285714,0.00043835,7,0
1867,1,0.0,0.00021347,4,0
1868,3,0.333333,0.0002062,15,0
1869,72,0.100156,0.00216809,11,0
1871,2,1.0,0.00013224,11,0
1872,6,0.333333,0.00023515,1,0
1873,6,0.2,0.00030659,1,0
1874,1,0.0,0.00012959,7,0
1875,5,0.0,0.00035205,15,0
1877,2,0.0,0.00020511,19,0
1879,47,0.075856,0.00179391,15,0
1880,46,0.155556,0.00117498,1,0
1881,3,1.0,0.00020444,7,0
1882,27,0.125356,0.00122893,15,0
1883,18,0.058824,0.00106361,7,0
1885,5,0.0,0.00037036,4,0
1887,6,0.133333,0.00033786,15,0
1888,2,0.0,0.00024695,4,0
1889,16,0.241667,0.00079221,15,0
1890,3,0.0,0.00031623,4,0
1891,3,0.333333,0.00024767,4,0
1892,2,0.0,0.00017002,4,0
1893,7,0.0,0.00038036,15,0
1894,9,0.277778,0.00030796,11,0
1895,90,0.107865,0.00238257,11,0
1896,1,0.0,0.00019684,7,0
1897,4,0.166667,0.00029584,4,0
1898,42,0.152149,0.00106249,11,0
1899,1,0.0,0.00010971,15,0
1900,4,0.833333,0.00023505,7,0
1902,2,0.0,0.00015498,10,0
1903,6,0.066667,0.00022566,1,0
1904,1,0.0,0.0004196,31,6
1905,23,0.063241,0.0016266,7,0
1906,20,0.136842,0.00075258,15,0
1907,7,0.095238,0.00037189,15,0
1908,6,0.066667,0.00022439,1,0
1909,7,0.142857,0.0002535,1,0
1910,8,0.214286,0.00034489,1,0
1911,8,0.071429,0.00042838,15,0
1912,1,0.0,0.00014215,4,0
1914,10,0.177778,0.00053942,15,0
1915,2,0.0,0.00013316,7,0
1917,20,0.221053,0.00054667,11,0
1918,30,0.011494,0.00154764,15,0
1919,3,0.333333,0.00020298,15,0
1920,9,0.083333,0.00038259,15,0
1921,2,0.0,0.00014295,2,0
1922,3,0.0,0.0003024,15,0
1923,4,0.166667,0.00024943,6,0
1924,22,0.073593,0.00087094,15,0
1925,6,0.466667,0.00044,4,0
1926,1,0.0,0.00014072,2,0
1928,1,0.0,0.00015229,1,0
1929,14,0.120879,0.00068302,7,0
1930,4,0.0,0.00020669,11,0
1931,4,0.0,0.00023374,10,0
1933,3,0.666667,0.00062409,25,2
1934,4,0.333333,0.00021238,10,0
1935,5,0.0,0.00035303,3,0
1936,2,0.0,0.00031221,15,0
1937,8,0.0,0.00034138,10,0
1938,2,0.0,0.00029914,15,0
1939,2,1.0,0.00052854,9,3
1941,5,0.2,0.0002783,15,0
1942,5,0.1,0.0002564,7,0
1944,3,0.0,0.00019446,15,0
1946,2,0.0,0.0001663,7,0
1947,2,0.0,0.00015962,7,0
1948,7,0.142857,0.00036326,15,0
1949,2,0.0,0.00017206,7,0
1950,7,0.142857,0.00035095,15,0
1951,1,0.0,0.00029005,12,0
1952,2,0.0,0.00017416,15,0
1954,23,0.249012,0.00059869,11,0
1955,1,0.0,0.00011493,7,0
1956,35,0.045378,0.00177206,10,0
1957,1,0.0,0.00012387,7,0
1958,3,0.666667,0.00021051,7,0
1959,24,0.177536,0.00067025,1,0
1961,22,0.160173,0.00059735,11,0
1962,1,0.0,0.00024832,10,0
1963,8,0.25,0.00026133,11,0
1964,12,0.060606,0.00059855,15,0
1965,36,0.144444,0.00095893,1,0
1966,3,0.0,0.0002403,15,0
1968,6,0.133333,0.0003474,15,0
1969,8,0.0,0.0004987,4,0
1971,10,0.111111,0.00053379,15,0
1972,3,0.0,0.00019743,15,0
1973,53,0.17852,0.00125532,1,0
1974,6,0.333333,0.00029079,15,0
1975,20,0.136842,0.00110516,4,0
1976,4,0.5,0.00037355,6,0
1977,1,0.0,0.00012562,4,0
1978,10,0.333333,0.00044931,15,0
1979,20,0.226316,0.00058686,11,0
1980,1,0.0,0.00012467,15,0
1981,3,0.0,0.00019764,10,0
1982,1,0.0,0.00052854,33,18
1983,5,0.0,0.00019136,11,0
1984,3,0.0,0.00019223,15,0
1986,13,0.089744,0.0006125,15,0
1987,1,0.0,0.00052854,13,8
1988,11,0.181818,0.00034514,1,0
1989,12,0.393939,0.00054814,15,0
1990,3,0.0,0.00024466,4,0
1991,5,0.0,0.0002789,7,0
1992,4,0.333333,0.00032366,4,0
1993,21,0.066667,0.00076411,11,0
1994,4,0.333333,0.00022021,15,0
1995,5,0.0,0.00042862,15,0
1996,2,0.0,0.0001811,4,0
1997,1,0.0,0.00010295,11,0
1998,4,0.166667,0.00022728,15,0
1999,11,0.018182,0.00051689,7,0
2000,28,0.082011,0.00085059,11,0
2001,8,0.142857,0.00039161,15,0
2003,24,0.141304,0.0012564,7,0
2004,28,0.169312,0.00082771,11,0
2005,2,1.0,0.00020283,6,0
2006,32,0.141129,0.00151382,4,0
2007,3,0.0,0.00022845,15,0
2008,13,0.166667,0.00060514,15,0
2009,5,0.0,0.00024477,10,0
2010,1,0.0,0.00014676,15,0
2011,3,0.666667,0.00027917,7,0
2013,1,0.0,0.00014919,15,0
2014,8,0.428571,0.00042629,7,0
2015,1,0.0,0.00014567,15,0
2016,31,0.101075,0.00143937,15,0
2017,3,0.333333,0.00019648,15,0
2018,73,0.157154,0.00169283,1,0
2019,4,0.166667,0.00025888,15,0
2020,53,0.150218,0.00141147,11,0
2021,31,0.124731,0.00079775,1,0
2022,2,0.0,0.00016021,1,0
2023,11,0.218182,0.0003249,11,0
2024,3,0.333333,0.00019927,7,0
2025,16,0.075,0.00077616,15,0
2027,12,0.166667,0.00038873,1,0
2028,3,1.0,0.00022355,4,0
2029,11,0.072727,0.00060881,15,0
2030,4,0.333333,0.00030905,6,0
2031,12,0.136364,0.00037982,1,0
2032,6,0.066667,0.00035727,15,0
2033,11,0.036364,0.00041105,1,0
2034,2,0.0,0.00017755,19,0
2035,1,0.0,0.00013286,15,0
2036,33,0.066288,0.00133863,15,0
2037,76,0.158246,0.00189418,11,0
2038,25,0.143333,0.00071642,1,0
2039,33,0.049242,0.00140453,1,0
2040,1,0.0,0.00012392,15,0
2041,8,0.107143,0.00045289,15,0
2042,37,0.058559,0.00167537,15,0
2043,1,0.0,0.00013011,7,0
2044,3,0.0,0.00024762,15,0
2045,2,1.0,0.00052854,24,5
2046,3,0.333333,0.00026683,4,0
2047,5,0.6,0.00031346,15,0
2048,12,0.166667,0.00052209,15,0
2051,23,0.031621,0.00112834,15,0
2052,4,0.5,0.00022578,7,0
2053,11,0.090909,0.00042738,15,0
2054,22,0.134199,0.00059798,11,0
2055,15,0.2,0.00069523,7,0
2056,8,0.035714,0.00033483,15,0
2057,1,0.0,0.00012819,15,0
2058,5,0.1,0.0002249,11,0
2059,33,0.261364,0.00081793,11,0
2060,2,1.0,0.00019163,2,0
2061,55,0.108418,0.00160128,11,0
2062,4,0.333333,0.00050941,17,0
2064,2,0.0,0.00015306,2,0
2065,4,0.0,0.00018224,11,0
2066,3,0.0,0.00023114,15,0
2067,3,0.0,0.00021405,2,0
2068,80,0.088291,0.00216787,1,0
2069,11,0.090909,0.00061674,15,0
2070,19,0.099415,0.00060029,15,0
2071,9,0.138889,0.00028632,1,0
2072,9,0.333333,0.00029152,1,0
2075,2,1.0,0.00014326,7,0
2076,4,0.166667,0.00021503,15,0
2077,16,0.175,0.00072271,15,0
2078,1,0.0,0.00011222,15,0
2079,1,0.0,0.00010486,11,0
2080,20,0.168421,0.00082777,7,0
2081,1,0.0,0.00015221,1,0
2083,3,0.333333,0.0001936,10,0
2084,6,0.0,0.00035478,1,0
2085,8,0.0,0.00043563,15,0
2086,1,0.0,0.00011728,15,0
2087,42,0.205575,0.0010091,1,0
2088,42,0.095238,0.00141728,15,0
2090,2,0.0,0.00034422,15,0
2091,10,0.244444,0.00049077,15,0
2092,2,0.0,0.00019949,15,0
2093,4,0.0,0.00028138,15,0
2094,2,0.0,0.00017157,7,0
2095,2,0.0,0.00017754,6,0
2096,1,0.0,0.00021153,15,0
2097,6,0.333333,0.00028529,7,0
2099,4,0.333333,0.00026652,4,0
2100,2,1.0,0.00036116,23,0
